City_ID,City,Lat,Lng,Max Temp,Humidity,Cloudiness,Wind Speed,Country,Date
0,dalai,45.5,124.3,14.95,82,75,2.42,CN,1695029689
1,saipan,15.1355,145.701,28.39,83,40,5.66,MP,1695029690
2,waitangi,-43.9535,-176.5597,11.01,79,11,5.81,NZ,1695029690
3,kavieng,-2.5744,150.7967,26.96,75,100,1.72,PG,1695029690
4,port-aux-francais,-49.35,70.2167,4.68,88,78,9.9,TF,1695029691
5,tiksi,71.6872,128.8694,-0.07,87,99,6.22,RU,1695029692
6,xining,36.6167,101.7667,18.85,52,80,6.86,CN,1695029692
7,callao,-12.0667,-77.15,18.73,82,100,5.14,PE,1695029634
8,fort bragg,35.139,-79.006,18.75,97,40,2.57,US,1695029693
9,teknaf,20.8624,92.3058,26.82,90,100,6.68,BD,1695029694
10,martuk,50.7475,56.5056,20.21,40,30,1.39,KZ,1695029695
11,constantia,44.1833,28.65,24.38,52,0,7.48,RO,1695029695
12,vorgashor,67.5833,63.95,6.45,61,100,4.62,RU,1695029696
13,tolanaro,-25.0319,46.9987,27.04,69,20,9.26,MG,1695029696
14,margaret river,-33.95,115.0667,14.81,80,99,7.26,AU,1695029590
15,chibougamau,49.9168,-74.3659,10.79,87,100,2.57,CA,1695029697
16,fenoarivo be,-18.4333,46.5667,30.1,20,0,2.29,MG,1695029697
17,dunedin,-45.8742,170.5036,12.67,40,19,4.02,NZ,1695029659
18,albany,42.6001,-73.9662,15.36,94,100,1.36,US,1695029698
19,carutapera,-1.195,-46.02,26.2,79,49,3.02,BR,1695029698
20,adamstown,-25.066,-130.1015,18.23,63,100,3.08,PN,1695029699
21,severnoye,56.3491,78.3619,16.59,68,100,1.35,RU,1695029699
22,anadyr,64.75,177.4833,4.28,80,75,2.0,RU,1695029700
23,grytviken,-54.2811,-36.5092,-3.68,87,57,6.71,GS,1695029700
24,lebu,-37.6167,-73.65,5.48,79,2,5.23,CL,1695029701
25,eyl,7.9803,49.8164,34.7,41,39,9.51,SO,1695029701
26,blackmans bay,-43.0167,147.3167,12.07,68,88,1.91,AU,1695029702
27,new martinsville,39.6445,-80.8576,13.71,99,32,0.45,US,1695029702
28,pacific grove,36.6177,-121.9166,14.25,90,0,1.34,US,1695029703
29,ciudad bolivar,8.1222,-63.5497,24.4,90,64,3.14,VE,1695029442
30,fairbanks,64.8378,-147.7164,5.98,92,100,3.6,US,1695029676
31,oak hill,37.9723,-81.1487,13.57,79,52,1.07,US,1695029704
32,bahia honda,22.9036,-83.1592,25.79,85,82,0.25,CU,1695029704
33,vila franca do campo,37.7167,-25.4333,22.16,99,65,1.84,PT,1695029705
34,invercargill,-46.4,168.35,8.34,78,8,4.47,NZ,1695029493
35,sinjai,-5.1241,120.253,26.02,73,4,3.38,ID,1695029705
36,fort st. john,56.2499,-120.8529,10.94,58,100,6.69,CA,1695029706
37,asau,46.4333,26.4,21.51,37,0,2.96,RO,1695029706
38,pustoshka,56.3355,29.369,18.57,65,77,1.98,RU,1695029707
39,hamilton,39.1834,-84.5333,14.29,92,20,2.57,US,1695029550
40,baikunthpur,23.25,82.55,29.72,65,46,2.6,IN,1695029707
41,akureyri,65.6835,-18.0878,7.96,93,100,3.09,IS,1695029708
42,samsun,41.25,36.3333,24.67,100,40,5.14,TR,1695029708
43,ilulissat,69.2167,-51.1,0.01,86,75,0.51,GL,1695029709
44,avarua,-21.2078,-159.775,21.03,64,75,1.54,CK,1695029709
45,bethel,41.3712,-73.414,18.27,89,100,0.0,US,1695029709
46,aykhal,66.0,111.5,-1.13,86,61,2.56,RU,1695029710
47,thompson,55.7435,-97.8558,11.09,100,0,1.54,CA,1695029710
48,longyearbyen,78.2186,15.6401,-2.09,64,20,3.6,SJ,1695029711
49,carnarvon,-24.8667,113.6333,20.13,67,62,10.71,AU,1695029711
50,hermanus,-34.4187,19.2345,16.56,69,44,7.04,ZA,1695029576
51,la ronge,55.1001,-105.2842,13.14,76,0,2.06,CA,1695029712
52,timaru,-44.4,171.25,11.71,26,43,1.79,NZ,1695029686
53,filey,54.21,-0.2892,16.83,91,100,2.68,GB,1695029712
54,vernon,50.2581,-119.2691,19.34,55,80,0.51,CA,1695029713
55,kone,-21.0595,164.8658,20.07,90,13,2.29,NC,1695029713
56,prince george,53.9166,-122.753,8.69,72,75,4.63,CA,1695029708
57,punta arenas,-53.15,-70.9167,2.06,60,100,5.14,CL,1695029714
58,iqaluit,63.7506,-68.5145,-0.15,74,75,2.57,CA,1695029714
59,arauca,7.0847,-70.7591,22.28,97,94,1.33,CO,1695029526
60,puerto baquerizo moreno,-0.9,-89.6,22.7,88,75,3.61,EC,1695029715
61,okha,53.5739,142.9478,10.39,71,100,9.24,RU,1695029716
62,nova sintra,14.8667,-24.7167,22.9,71,96,5.63,CV,1695029716
63,yellowknife,62.456,-114.3525,10.79,92,75,3.6,CA,1695029385
64,oltinko'l,40.8011,72.1634,32.96,15,0,3.5,UZ,1695029717
65,camiri,-20.05,-63.5167,19.5,68,1,1.36,BO,1695029717
66,stanley,54.868,-1.6985,15.4,90,40,3.6,GB,1695029655
67,mangaratiba,-22.9597,-44.0406,23.48,70,0,2.78,BR,1695029718
68,talnakh,69.4865,88.3972,7.34,94,100,6.0,RU,1695029719
69,isafjordur,66.0755,-23.124,7.02,87,100,1.03,IS,1695029719
70,utrik,11.2278,169.8474,27.69,80,100,4.28,MH,1695029719
71,daru,-9.0763,143.2092,23.87,81,66,4.7,PG,1695029720
72,cabedelo,-6.9811,-34.8339,22.37,83,99,7.7,BR,1695029720
73,trairi,-3.2778,-39.2689,26.07,65,22,5.49,BR,1695029688
74,whitehorse,60.7161,-135.0538,7.12,82,40,2.06,CA,1695029588
75,bilibino,68.0546,166.4372,2.19,89,100,1.28,RU,1695029722
76,tazovsky,67.4667,78.7,3.23,95,100,10.66,RU,1695029722
77,nemuro,43.3236,145.575,17.02,99,97,3.18,JP,1695029722
78,ribeira grande,38.5167,-28.7,21.54,68,20,1.54,PT,1695029612
79,lompoc,34.6391,-120.4579,17.1,85,100,4.47,US,1695029723
80,afaahiti,-17.75,-149.2833,21.93,81,25,1.9,PF,1695029723
81,tromso,69.6496,18.957,9.01,81,75,7.2,NO,1695029724
82,ust-nera,64.5667,143.2,3.73,72,100,1.0,RU,1695029724
83,puerto ayora,-0.7393,-90.3518,23.64,95,56,0.45,EC,1695029725
84,smithers,54.7804,-127.1743,7.18,81,100,1.03,CA,1695029709
85,kodiak,57.79,-152.4072,7.73,71,75,1.54,US,1695029725
86,acarau,-2.8856,-40.12,26.38,72,27,7.04,BR,1695029726
87,hilo,19.7297,-155.09,24.6,99,100,3.09,US,1695029726
88,kabansk,52.0486,106.6528,13.99,72,67,2.83,RU,1695029618
89,wailua homesteads,22.0669,-159.378,25.44,82,100,7.72,US,1695029459
90,port blair,11.6667,92.75,28.02,83,100,5.14,IN,1695029727
91,okakarara,-20.5833,17.4333,32.03,8,1,4.75,NA,1695029727
92,sokcho,38.2083,128.5911,25.34,83,75,2.57,KR,1695029728
93,sao felix do xingu,-6.6447,-51.995,22.61,66,3,0.13,BR,1695029728
94,hithadhoo,-0.6,73.0833,27.64,79,88,5.88,MV,1695029729
95,nova vicosa,-17.8919,-39.3719,23.78,76,99,5.1,BR,1695029729
96,hawaiian paradise park,19.5933,-154.9731,24.46,97,100,3.09,US,1695029729
97,magadan,59.5667,150.8,3.63,65,1,2.13,RU,1695029730
98,klichaw,53.4928,29.3352,23.94,45,8,3.56,BY,1695029730
99,ola,59.5833,151.2833,3.97,61,1,3.15,RU,1695029731
100,port saint john's,-31.6229,29.5448,23.72,49,0,5.26,ZA,1695029731
101,olonkinbyen,70.9221,-8.7187,3.53,72,88,9.39,SJ,1695029731
102,bredasdorp,-34.5322,20.0403,18.69,49,7,7.7,ZA,1695029660
103,kavaratti,10.5669,72.642,28.42,74,83,5.83,IN,1695029732
104,minas de marcona,-15.2119,-75.1103,12.98,90,11,4.11,PE,1695029732
105,calbuco,-41.768,-73.1273,-0.44,84,13,2.89,CL,1695029733
106,tangalle,6.024,80.7911,25.09,69,76,6.08,LK,1695029733
107,ulladulla,-35.35,150.4667,17.65,45,2,2.94,AU,1695029734
108,port hedland,-20.3167,118.5667,27.03,74,82,6.17,AU,1695029734
109,namibe,-15.1961,12.1522,23.46,70,64,3.91,AO,1695029734
110,selfoss,63.9331,-20.9971,8.36,70,76,4.49,IS,1695029735
111,cockburn town,21.4612,-71.1419,28.32,76,75,5.89,TC,1695029657
112,bubaque,11.2833,-15.8333,27.08,81,90,3.53,GW,1695029736
113,edinburgh of the seven seas,-37.0676,-12.3116,13.82,88,93,15.81,SH,1695029736
114,erenhot,43.6475,111.9767,16.7,37,99,5.95,CN,1695029736
115,antsiranana,-12.2787,49.2917,31.42,35,20,6.17,MG,1695029737
116,viransehir,37.2353,39.7631,34.07,12,0,3.37,TR,1695029737
117,enriquillo,17.9,-71.2333,26.17,87,100,4.28,DO,1695029738
118,myeik,12.4333,98.6,27.86,79,99,1.99,MM,1695029738
119,puerto natales,-51.7236,-72.4875,-2.97,89,15,1.46,CL,1695029541
120,miguel alves,-4.1656,-42.8953,23.32,87,41,0.84,BR,1695029739
121,ushuaia,-54.8,-68.3,0.81,64,100,7.2,AR,1695029739
122,sitka,57.0531,-135.33,12.94,88,100,8.75,US,1695029598
123,temiskaming shores,47.4938,-79.7153,7.89,92,100,3.17,CA,1695029596
124,nar'yan-mar,67.6713,53.087,7.84,95,100,6.11,RU,1695029740
125,noumea,-22.2763,166.4572,22.22,99,81,5.46,NC,1695029709
126,beau vallon,-20.4189,57.6953,26.23,69,40,6.17,MU,1695029741
127,laminusa,5.5549,120.9136,27.74,75,98,2.64,PH,1695029742
128,yuanlin,30.4151,112.8859,31.59,66,89,1.31,CN,1695029742
129,zakynthos,37.7914,20.8953,29.68,54,0,5.14,GR,1695029743
130,weno,7.4515,151.8468,25.97,89,100,2.57,FM,1695029743
131,port elizabeth,-33.918,25.5701,20.61,55,0,2.57,ZA,1695029744
132,cafayate,-26.073,-65.9761,13.97,67,4,1.36,AR,1695029744
133,kingston,17.997,-76.7936,25.13,94,85,0.45,JM,1695029618
134,santa ana,33.7456,-117.8678,21.38,81,100,2.57,US,1695029567
135,vorkuta,67.5,64.0,6.71,61,100,4.5,RU,1695029745
136,cold lake,54.4502,-110.2017,5.97,100,20,2.06,CA,1695029735
137,ancud,-41.8697,-73.8203,2.31,85,62,1.61,CL,1695029746
138,ocumare del tuy,10.1165,-66.7761,21.84,98,99,0.76,VE,1695029747
139,udachny,66.4167,112.4,3.03,59,46,3.09,RU,1695029747
140,berdigestyakh,62.0989,126.6992,0.63,88,100,4.74,RU,1695029747
141,mejit,10.2753,170.8646,27.66,79,100,3.27,MH,1695029748
142,coronel suarez,-37.4547,-61.9334,3.21,54,30,2.45,AR,1695029748
143,suwayr,30.1171,40.3893,34.52,12,0,2.79,SA,1695029749
144,galliano,29.4422,-90.2992,24.0,78,0,2.06,US,1695029535
145,berezovyy,51.6667,135.7,12.37,81,100,1.1,RU,1695029749
146,holualoa,19.6228,-155.9522,22.5,92,92,2.01,US,1695029750
147,estacion santa engracia,24.0159,-99.2015,24.26,73,12,0.63,MX,1695029750
148,chonchi,-42.6128,-73.8092,1.18,95,51,0.77,CL,1695029750
149,malvan,16.0667,73.4667,27.59,83,84,6.23,IN,1695029751
150,oranjemund,-28.55,16.4333,17.29,61,0,7.61,NA,1695029751
151,boguchany,58.3814,97.4531,18.23,63,27,1.55,RU,1695029752
152,medicine hat,50.0501,-110.6683,15.24,41,0,3.6,CA,1695029752
153,newman,37.3138,-121.0208,17.38,81,1,0.45,US,1695029752
154,altay,47.8667,88.1167,18.24,37,6,3.05,CN,1695029753
155,conception bay south,47.4999,-52.9981,17.63,88,91,9.14,CA,1695029489
156,hovd,48.0056,91.6419,14.58,38,60,3.24,MN,1695029754
157,fort mcmurray,56.7268,-111.381,7.73,81,0,1.03,CA,1695029517
158,juegang,32.3174,121.1855,28.28,90,86,4.48,CN,1695029754
159,sinabang,2.4803,96.3801,28.35,76,96,3.0,ID,1695029755
160,zhangzhou,24.5133,117.6556,31.96,86,50,1.5,CN,1695029755
161,cruzeiro do sul,-29.5128,-51.9853,19.86,88,4,2.19,BR,1695029756
162,papatowai,-46.5619,169.4708,8.74,65,25,7.57,NZ,1695029756
163,vilyuchinsk,52.9306,158.4028,11.15,81,6,4.33,RU,1695029756
164,isangel,-19.55,169.2667,22.81,91,83,6.04,VU,1695029757
165,georgetown,5.4112,100.3354,31.97,66,20,5.14,MY,1695029662
166,iskateley,67.6803,53.1512,7.75,95,100,6.19,RU,1695029758
167,trevelin,-43.0858,-71.4639,-0.29,93,51,1.4,AR,1695029758
168,enewetak,11.3474,162.3373,26.99,87,100,9.09,MH,1695029758
169,peskovka,59.0448,52.3606,15.54,47,100,5.32,RU,1695029759
170,onguday,50.75,86.15,17.48,46,46,1.14,RU,1695029759
171,petropavlovsk-kamchatsky,53.0452,158.6483,10.33,54,0,7.0,RU,1695029760
172,shahdad kot,27.8477,67.9055,42.13,24,5,3.16,PK,1695029760
173,qaqortoq,60.7167,-46.0333,2.44,49,0,3.44,GL,1695029760
174,westport,41.1415,-73.3579,20.1,90,100,2.57,US,1695029761
175,agat village,13.3886,144.6585,28.53,87,0,1.54,GU,1695029761
176,curillo,1.0333,-75.9191,21.28,90,99,0.46,CO,1695029761
177,svetlogorsk,52.6333,29.7333,24.67,33,7,4.26,BY,1695029762
178,hadibu,12.65,54.0333,29.67,61,92,9.71,YE,1695029762
179,sen monorom,12.45,107.2,23.58,97,100,0.37,KH,1695029763
180,hluti,-27.2167,31.6167,16.5,80,100,2.71,SZ,1695029764
181,oroqen zizhiqi,50.5667,123.7167,9.55,94,99,1.61,CN,1695029764
182,souillac,-20.5167,57.5167,26.21,69,40,6.17,MU,1695029765
183,primero de mayo,-32.2552,-58.4228,11.95,92,100,8.59,AR,1695029765
184,porto novo,6.4965,2.6036,27.9,72,97,2.58,BJ,1695029766
185,howrah,22.5892,88.3103,31.0,79,40,2.57,IN,1695029766
186,sisimiut,66.9395,-53.6735,1.36,70,46,3.81,GL,1695029767
187,vilyuysk,63.7553,121.6247,1.28,72,100,3.31,RU,1695029767
188,mormugao,15.4,73.8,29.59,74,100,5.14,IN,1695029767
189,jasper,37.2001,-94.3502,14.03,73,0,2.06,US,1695029686
190,bamboo flat,11.7,92.7167,28.05,83,100,5.14,IN,1695029768
191,jackson,42.4165,-122.8345,18.91,51,0,0.0,US,1695029757
192,east london,-33.0153,27.9116,21.52,46,0,2.57,ZA,1695029769
193,port lincoln,-34.7333,135.8667,13.4,82,91,3.12,AU,1695029769
194,tuban,-6.8976,112.0649,28.92,66,56,3.94,ID,1695029770
195,sarakhs,36.5449,61.1577,29.59,13,0,4.01,IR,1695029770
196,san patricio,28.017,-97.5169,26.58,69,2,1.77,US,1695029770
197,morehead city,34.7229,-76.726,24.0,89,75,2.57,US,1695029771
198,taldykorgan,45.0156,78.3739,23.01,28,100,4.24,KZ,1695029772
199,west island,-12.1568,96.8225,26.99,69,75,7.2,CC,1695029773
200,troitsko-pechorsk,62.7084,56.1964,10.45,86,100,5.16,RU,1695029773
201,villa regina,-39.1,-67.0667,2.77,25,5,2.87,AR,1695029773
202,polyarnyy,69.1989,33.4478,8.51,61,30,6.86,RU,1695029774
203,atafu village,-8.5421,-172.5159,28.93,77,5,8.31,TK,1695029774
204,cabo san lucas,22.8909,-109.9124,28.75,79,7,1.34,MX,1695029188
205,bikenibeu village,1.3673,173.1241,28.98,79,75,2.06,KI,1695029775
206,nova olimpia,-14.7972,-57.2881,26.27,56,24,1.28,BR,1695029775
207,naze,28.3667,129.4833,27.51,81,35,2.17,JP,1695029776
208,portel,-1.9356,-50.8211,23.39,92,12,1.44,BR,1695029777
209,kruisfontein,-34.0033,24.7314,19.38,45,0,4.21,ZA,1695029777
210,badger,64.8,-147.5333,5.93,93,100,3.6,US,1695029778
211,revda,56.801,59.9303,17.71,58,87,2.52,RU,1695029778
212,road town,18.4167,-64.6167,28.05,71,25,4.18,VG,1695029778
213,jamestown,42.097,-79.2353,13.77,99,75,2.57,US,1695029779
214,nantucket,41.2835,-70.0995,20.57,94,20,4.63,US,1695029694
215,molochnoye,59.2917,39.6787,12.64,63,95,5.71,RU,1695029780
216,ratoath,53.5081,-6.4625,13.38,78,20,8.23,IE,1695029780
217,san andres,12.5847,-81.7006,29.01,84,40,5.14,CO,1695029780
218,island harbour,50.724,-1.2758,18.29,93,50,4.02,GB,1695029781
219,crane,31.3974,-102.3501,22.49,56,45,3.85,US,1695029781
220,pisco,-13.7,-76.2167,16.68,88,1,1.03,PE,1695029782
221,huarmey,-10.0681,-78.1522,18.77,90,30,3.66,PE,1695029782
222,flin flon,54.7682,-101.865,12.57,70,71,3.65,CA,1695029782
223,haiku-pauwela,20.9219,-156.3051,24.47,86,75,7.72,US,1695029601
224,kiunga,-6.1219,141.2906,24.72,77,93,1.33,PG,1695029783
225,nieuw amsterdam,5.8833,-55.0833,26.12,88,20,0.0,SR,1695029783
226,cooper's town,26.8667,-77.5167,28.91,73,19,6.71,BS,1695029784
227,new norfolk,-42.7826,147.0587,12.72,77,94,1.36,AU,1695029785
228,canete,-37.8,-73.4,2.08,90,2,1.67,CL,1695029785
229,okhotsk,59.3833,143.3,6.97,74,57,3.17,RU,1695029786
230,touros,-5.1989,-35.4608,25.64,77,63,6.87,BR,1695029786
231,nagyatad,46.2296,17.3579,28.84,38,70,4.93,HU,1695029787
232,keetmanshoop,-26.5833,18.1333,23.51,15,0,1.54,NA,1695029787
233,belyy yar,53.6039,91.3903,20.94,49,0,2.0,RU,1695029788
234,nuku'alofa,-21.1333,-175.2,22.19,88,75,6.69,TO,1695029788
235,pilar,-9.5972,-35.9567,22.96,85,77,3.55,BR,1695029499
236,aasiaat,68.7098,-52.8699,-2.55,94,98,3.98,GL,1695029789
237,talcahuano,-36.7167,-73.1167,3.82,93,0,3.6,CL,1695029534
238,port augusta,-32.5,137.7667,16.51,67,1,7.09,AU,1695029790
239,pacasmayo,-7.4006,-79.5714,18.0,93,33,3.41,PE,1695029790
240,patos,-7.0244,-37.28,24.85,63,23,7.21,BR,1695029750
241,tsiombe,-25.3,45.4833,24.11,65,100,4.64,MG,1695029791
242,keflavik,64.0049,-22.5624,8.24,81,0,3.6,IS,1695029792
243,punta cana,18.5818,-68.4043,26.87,83,20,2.06,DO,1695029508
244,tocopilla,-22.092,-70.1979,16.72,73,21,1.81,CL,1695029714
245,tianshui,34.5439,105.6897,21.66,70,100,3.5,CN,1695029793
246,lalibela,12.0333,39.0333,23.2,39,100,1.88,ET,1695029793
247,garoowe,8.4054,48.4845,35.83,27,72,8.71,SO,1695029793
248,bangor,54.6534,-5.669,13.94,75,20,4.12,GB,1695029794
249,songling,31.1933,120.7176,26.88,83,55,3.05,CN,1695029794
250,monrovia,6.3005,-10.7969,25.87,91,100,3.48,LR,1695029795
251,kapa'a,22.0752,-159.319,26.18,81,100,7.72,US,1695029795
252,kermit,31.8576,-103.0927,21.91,60,0,3.09,US,1695029309
253,nema,57.5067,50.5011,17.57,40,100,5.52,RU,1695029796
254,mount isa,-20.7333,139.5,23.87,27,0,1.54,AU,1695029796
255,sucua,-2.4667,-78.1667,19.5,71,54,1.75,EC,1695029797
256,klyuchi,52.2667,79.1667,20.24,49,75,2.73,RU,1695029797
257,yeniseysk,58.4497,92.1703,18.86,55,45,1.34,RU,1695029798
258,olyokminsk,60.3736,120.4264,1.84,74,100,3.73,RU,1695029798
259,wad medani,14.4012,33.5199,34.09,31,100,4.98,SD,1695029798
260,tazacorte,28.629,-17.9293,23.54,67,40,5.66,ES,1695029799
261,russellville,35.2784,-93.1338,13.43,92,20,0.0,US,1695029799
262,lata,40.1629,-8.3327,22.26,68,36,0.54,PT,1695029800
263,mawlaik,23.6333,94.4167,25.24,98,99,0.5,MM,1695029800
264,barra de santo antonio,-9.4047,-35.5072,23.6,78,57,4.39,BR,1695029801
265,nianzishan,47.5167,122.8833,13.37,94,100,5.57,CN,1695029801
266,merizo village,13.2658,144.6691,28.32,91,100,3.91,GU,1695029802
267,laguna,38.421,-121.4238,17.99,83,0,3.09,US,1695029802
268,hammerfest,70.6634,23.6821,8.25,81,75,5.14,NO,1695029802
269,alamosa,37.4695,-105.87,5.99,81,0,2.06,US,1695029542
270,magistral'nyy,56.1725,107.4458,11.41,54,21,3.29,RU,1695029803
271,bosaso,11.2842,49.1816,36.99,53,0,4.63,SO,1695029804
272,gazojak,41.1875,61.4036,27.49,16,8,1.82,TM,1695029804
273,leava,-14.3,-178.1667,27.36,81,13,10.39,WF,1695029804
274,robore,-18.3333,-59.75,24.84,50,1,2.18,BO,1695029805
275,laghouat,33.8,2.8651,31.03,15,80,4.88,DZ,1695029805
276,ploneour-lanvern,47.9,-4.2833,18.16,88,100,4.12,FR,1695029805
277,hasaki,35.7333,140.8333,30.16,85,0,6.76,JP,1695029806
278,uturoa,-16.7333,-151.4333,25.68,79,38,3.2,PF,1695029807
279,queenstown,-31.8976,26.8753,24.09,11,0,6.68,ZA,1695029807
280,awjilah,29.1081,21.2869,31.44,28,0,5.43,LY,1695029807
281,east ballina,-28.8667,153.5833,16.56,73,0,6.63,AU,1695029808
282,ramban,33.25,75.25,20.34,84,63,2.27,IN,1695029808
283,dwarka,22.2394,68.9678,28.84,79,100,6.08,IN,1695029809
284,colonia,50.9333,6.95,22.2,72,0,5.66,DE,1695029609
285,wenzhou,27.9994,120.6668,27.48,80,70,1.74,CN,1695029519
286,marsh harbour,26.5412,-77.0636,28.33,73,0,4.82,BS,1695029810
287,krasnyy yar,46.5331,48.3456,21.96,35,55,4.83,RU,1695029810
288,petauke,-14.2426,31.3253,32.45,15,6,4.32,ZM,1695029811
289,al bardiyah,31.7561,25.0865,27.9,56,5,5.23,LY,1695029811
290,saint-joseph,-21.3667,55.6167,27.21,76,31,4.56,RE,1695029811
291,sao gabriel da cachoeira,-0.1303,-67.0892,21.75,99,62,0.6,BR,1695029812
292,karratha,-20.7377,116.8463,25.66,56,73,6.43,AU,1695029812
293,pembroke,45.8168,-77.1162,13.99,96,99,1.39,CA,1695029535
294,puerto cabezas,14.0351,-83.3888,25.43,85,57,2.02,NI,1695029682
295,cole harbour,44.6724,-63.4751,14.71,94,79,1.03,CA,1695029518
296,mudgee,-32.5943,149.5871,17.66,33,0,0.81,AU,1695029813
297,la passe,45.5549,-0.8967,23.13,57,19,5.84,FR,1695029814
298,ganjam,19.3833,85.0667,31.22,67,84,3.05,IN,1695029328
299,fada,9.5667,8.3,25.82,71,90,1.59,NG,1695029814
300,egilsstadir,65.2653,-14.3948,9.95,76,100,5.14,IS,1695029815
301,sorong,-0.8833,131.25,26.29,80,97,6.35,ID,1695029512
302,jiuquan,39.7432,98.5174,22.05,15,53,4.76,CN,1695029816
303,manokwari,-0.8667,134.0833,26.89,82,86,1.26,ID,1695029816
304,codrington,-38.2667,141.9667,11.77,81,100,2.31,AU,1695029816
305,alofi,-19.0595,-169.9187,21.94,68,40,7.2,NU,1695029817
306,arraial do cabo,-22.9661,-42.0278,21.92,88,20,9.26,BR,1695029817
307,college,64.8569,-147.8028,5.97,91,100,3.6,US,1695029657
308,zhaobaoshan,29.9695,121.6875,32.01,81,7,4.18,CN,1695029818
309,saldanha,-33.0117,17.9442,15.03,68,97,3.31,ZA,1695029818
310,zeya,53.75,127.2667,9.45,62,86,1.82,RU,1695029819
311,chul'man,56.8479,124.9104,1.21,80,93,5.24,RU,1695029819
312,christchurch,-43.5333,172.6333,11.64,42,3,2.57,NZ,1695029262
313,yabelo,4.8833,38.0833,25.06,37,80,3.92,ET,1695029820
314,ilgaz,40.9251,33.6259,16.87,21,1,0.97,TR,1695029821
315,labrador city,52.9463,-66.9114,6.95,100,100,1.54,CA,1695029821
316,atmakur,15.8833,78.5833,31.0,58,100,2.44,IN,1695029821
317,ambovombe,-25.1667,46.0833,23.71,71,66,6.04,MG,1695029822
318,fale old settlement,-9.3852,-171.2468,28.62,79,12,9.11,TK,1695029822
319,zheleznogorsk-ilimskiy,56.5768,104.1217,13.08,72,73,2.4,RU,1695029823
320,kidal,18.4411,1.4078,35.78,30,9,4.53,ML,1695029823
321,brady,31.1352,-99.3351,21.96,64,0,2.06,US,1695029823
322,nuuk,64.1835,-51.7216,0.34,74,20,3.6,GL,1695029824
323,nadi,-17.8,177.4167,25.0,94,75,2.06,FJ,1695029228
324,motala,58.5371,15.0365,15.62,69,96,7.22,SE,1695029824
325,vizinga,61.0749,50.1031,13.27,65,80,5.68,RU,1695029825
326,la'ie,21.6477,-157.9253,25.98,77,31,6.71,US,1695029825
327,sandnessjoen,66.0217,12.6316,15.06,58,0,1.03,NO,1695029826
328,algeciras,36.1333,-5.4505,20.82,73,40,2.06,ES,1695029826
329,dudinka,69.4058,86.1778,7.57,93,100,6.37,RU,1695029827
330,seaside,36.6111,-121.8516,14.52,90,0,1.34,US,1695029827
331,aldinga beach,-35.2793,138.4604,19.14,87,91,3.14,AU,1695029828
332,kourou,5.1552,-52.6478,23.03,90,76,2.95,GF,1695029828
333,luderitz,-26.6481,15.1594,21.84,45,0,8.46,NA,1695029829
334,tugulym,57.0591,64.6425,21.04,55,90,3.02,RU,1695029829
335,khorugh,37.4897,71.553,24.96,11,0,3.84,TJ,1695029829
336,conde,-7.2597,-34.9075,21.7,100,40,2.57,BR,1695029830
337,mermoz boabab,14.7065,-17.4758,25.88,94,40,2.06,SN,1695029831
338,nacala,-14.5428,40.6728,30.77,44,0,4.42,MZ,1695029831
339,balikpapan,-1.2675,116.8289,28.55,84,20,2.06,ID,1695029831
340,loa janan,-0.583,117.095,26.24,85,17,1.74,ID,1695029832
341,verkhnevilyuysk,63.4453,120.3167,1.68,72,99,2.45,RU,1695029832
342,palmer,42.1584,-72.3287,17.69,81,100,1.54,US,1695029821
343,banapur,19.7833,85.1833,31.7,65,82,1.06,IN,1695029833
344,qamdo,31.1667,97.2333,14.73,39,77,2.54,CN,1695029833
345,monticello,45.3055,-93.7941,12.19,93,75,0.0,US,1695029833
346,mana,5.6592,-53.7767,26.12,90,67,3.47,GF,1695029834
347,lorengau,-2.0226,147.2712,27.08,73,85,5.2,PG,1695029835
348,gamba,-2.65,10.0,26.91,68,99,3.11,GA,1695029835
349,nevel'sk,46.6733,141.8633,16.29,91,83,2.06,RU,1695029836
350,remire-montjoly,4.9167,-52.2667,23.02,100,20,1.03,GF,1695029836
351,saint-philippe,-21.3585,55.7679,27.77,77,43,6.08,RE,1695029836
352,happy valley-goose bay,53.3168,-60.3315,9.17,87,100,6.17,CA,1695029837
353,tvoroyri,61.5556,-6.8111,10.69,98,100,3.29,FO,1695029837
354,yakutsk,62.0339,129.7331,5.98,70,75,5.0,RU,1695029837
355,kovel,51.2153,24.7087,24.84,51,54,4.34,UA,1695029838
356,punta del este,-34.9667,-54.95,11.65,90,100,5.14,UY,1695029838
357,geraldton,-28.7667,114.6,18.23,55,0,8.23,AU,1695029839
358,mhlume,-26.0333,31.85,19.47,50,93,3.51,SZ,1695029839
359,pavilosta,56.8879,21.1859,17.95,67,32,4.97,LV,1695029839
360,saveh,35.0213,50.3566,30.45,16,0,4.88,IR,1695029840
361,aljezur,37.3191,-8.8033,21.89,58,83,1.22,PT,1695029840
362,harstad,68.799,16.5293,10.66,92,91,6.26,NO,1695029841
363,balugaon,20.1667,85.1,31.62,65,83,0.84,IN,1695029841
364,kununurra,-15.7667,128.7333,31.99,35,58,0.0,AU,1695029842
365,vidyayevo,69.3191,32.8049,8.45,64,47,7.51,RU,1695029842
366,bonthe,7.5264,-12.505,26.09,84,99,2.35,SL,1695029842
367,boden,65.8252,21.6886,10.0,53,100,3.97,SE,1695029843
368,madang,-5.2246,145.7966,25.13,84,82,3.13,PG,1695029843
369,fortuna,40.5982,-124.1573,15.52,95,100,0.0,US,1695029844
370,vadso,70.0744,29.7487,6.49,87,75,6.69,NO,1695029844
371,carthage,36.8611,10.3316,33.74,31,20,2.06,TN,1695029844
372,port alfred,-33.5906,26.891,19.54,64,0,1.79,ZA,1695029845
373,okondja,-0.6549,13.6753,28.35,67,84,2.16,GA,1695029845
374,cam ranh,11.9214,109.1591,31.98,58,20,2.06,VN,1695029846
375,kailua-kona,19.6406,-155.9956,24.57,92,94,0.45,US,1695029847
376,ulaangom,49.9811,92.0667,16.41,45,61,2.17,MN,1695029613
377,princeville,45.7668,-61.2985,14.62,94,0,1.54,CA,1695029847
378,itoman,26.1247,127.6694,30.43,76,75,3.09,JP,1695029848
379,rongelap,11.1635,166.8941,27.66,78,100,6.48,MH,1695029848
380,piripiri,-4.2733,-41.7769,25.53,56,12,1.22,BR,1695029849
381,manapparai,10.6,78.4167,34.48,53,94,3.29,IN,1695029849
382,shantobe,52.4581,68.1839,17.26,49,98,0.3,KZ,1695029849
383,bad konig,49.7431,9.0086,21.27,76,100,5.31,DE,1695029850
384,tateyama,34.9833,139.8667,28.39,84,0,7.05,JP,1695029850
385,arang,21.2,81.9667,31.18,57,42,2.71,IN,1695029850
386,lazaro cardenas,17.9583,-102.2,25.5,75,70,1.73,MX,1695029851
387,kargasok,59.0556,80.8572,19.93,53,32,4.44,RU,1695029851
388,askiz,53.1319,90.5264,19.17,47,66,4.55,RU,1695029852
389,murghob,38.1702,73.9667,16.6,7,0,8.51,TJ,1695029852
390,portage la prairie,49.9728,-98.2926,11.73,56,30,7.0,CA,1695029852
391,greenville,35.6127,-77.3663,21.09,97,100,2.06,US,1695029373
392,kapuskasing,49.4169,-82.4331,0.05,93,0,1.54,CA,1695029853
393,necochea,-38.5473,-58.7368,5.79,89,68,4.09,AR,1695029854
394,kotido,2.9806,34.1331,31.64,30,72,1.47,UG,1695029854
395,glace bay,46.1969,-59.957,15.99,96,20,3.6,CA,1695029696
396,pont rouge,48.8833,-72.0825,13.16,96,95,2.11,CA,1695029855
397,puerto deseado,-47.7503,-65.8938,3.74,76,100,5.85,AR,1695029855
398,linxia chengguanzhen,35.6003,103.2064,17.71,75,100,1.65,CN,1695029856
399,grajau,-5.8194,-46.1386,24.07,70,11,2.18,BR,1695029856
400,pangody,65.85,74.4859,6.43,60,100,7.24,RU,1695029856
401,umluj,25.0213,37.2685,32.75,48,0,6.93,SA,1695029857
402,arkhangel'sk,64.5401,40.5433,8.74,83,98,8.0,RU,1695029718
403,santa marta,11.2408,-74.199,28.27,78,62,1.34,CO,1695029858
404,lajas,18.05,-67.0593,26.34,59,60,2.68,PR,1695029858
405,port mathurin,-19.6833,63.4167,23.03,77,3,8.28,MU,1695029858
406,fengrun,39.8333,118.1167,25.76,64,28,2.62,CN,1695029859
407,gadzhiyevo,69.2551,33.3362,8.35,62,31,7.25,RU,1695029859
408,richland,40.7834,-82.5499,11.58,96,0,1.54,US,1695029859
409,koysinceq,36.0821,44.6278,33.97,10,0,1.6,IQ,1695029860
410,tofol,5.3248,163.0078,25.86,88,100,3.73,FM,1695029860
411,sisteron,44.1876,5.9462,23.56,65,100,2.34,FR,1695029861
412,wucheng,29.6008,118.175,27.43,81,58,0.7,CN,1695029861
413,papao,-17.75,-149.55,22.82,79,14,2.23,PF,1695029862
414,peniche,39.3558,-9.3811,21.98,78,34,3.29,PT,1695029838
415,salinopolis,-0.6136,-47.3561,26.25,83,76,3.93,BR,1695029863
416,st. john's,47.5649,-52.7093,17.76,88,40,11.83,CA,1695029742
417,tamanrasset,22.785,5.5228,29.95,10,0,6.17,DZ,1695029863
418,aras-asan,8.8908,126.3033,27.73,76,23,1.93,PH,1695029864
419,labasa,-16.4167,179.3833,24.42,88,66,4.59,FJ,1695029864
420,gummi,12.1436,5.1081,30.98,58,9,3.28,NG,1695029865
421,bandipura,34.4167,74.65,28.13,41,27,2.33,IN,1695029865
422,n'dalatando,-9.2978,14.9116,24.07,60,96,2.18,AO,1695029866
423,coahuayana de hidalgo,18.7,-103.6583,24.51,86,42,1.99,MX,1695029866
424,khandyga,62.6667,135.6,2.82,92,96,1.82,RU,1695029867
425,labuan,5.2767,115.2417,26.2,88,40,0.0,MY,1695029867
426,plainview,40.7765,-73.4673,19.94,92,100,1.54,US,1695029858
427,yelizovo,53.1873,158.3805,11.08,54,0,7.0,RU,1695029868
428,suva,-18.1416,178.4415,24.71,88,75,6.17,FJ,1695029868
429,mawlamyinegyunn,16.3833,95.2667,27.19,86,100,4.64,MM,1695029869
430,caruaru,-8.2833,-35.9761,21.32,81,27,5.22,BR,1695029704
431,lihue,21.9789,-159.3672,25.77,81,100,7.72,US,1695029747
432,sao joao da barra,-21.6403,-41.0511,22.05,85,71,8.73,BR,1695029870
433,kulebaki,55.4133,42.5325,17.26,59,100,4.12,RU,1695029870
434,mount gambier,-37.8333,140.7667,11.4,82,100,0.22,AU,1695029787
435,fisterra,42.9049,-9.2629,19.86,82,59,2.64,ES,1695029871
436,hobyo,5.3505,48.5268,29.14,62,14,11.74,SO,1695029871
437,jonuta,18.0833,-92.1333,23.78,94,26,0.66,MX,1695029872
438,igarka,67.4667,86.5833,8.73,88,100,5.8,RU,1695029872
439,san rafael del yuma,18.4299,-68.6739,26.76,86,59,2.45,DO,1695029873
440,kristianstad,56.0313,14.1524,19.64,100,100,5.66,SE,1695029873
441,colatina,-19.5394,-40.6306,21.91,80,95,0.12,BR,1695029874
442,macau,22.2006,113.5461,33.81,79,20,3.6,MO,1695029655
443,yamazakicho-nakabirose,35.0,134.55,27.41,88,11,0.98,JP,1695029874
444,manacapuru,-3.2997,-60.6206,25.28,71,69,1.54,BR,1695029875
445,sydney mines,46.2367,-60.2177,16.11,95,20,3.6,CA,1695029875
446,bukittinggi,-0.3091,100.3706,23.11,85,85,0.28,ID,1695029875
447,praia da vitoria,38.7333,-27.0667,20.98,82,20,1.98,PT,1695029876
448,usinsk,65.9939,57.5281,10.57,86,100,9.84,RU,1695029876
449,ust-tsilma,65.441,52.1498,9.13,91,100,5.13,RU,1695029877
450,kainantu,-6.2887,145.8655,16.29,89,94,0.77,PG,1695029877
451,mahina,-17.5065,-149.489,22.87,94,100,10.8,PF,1695029878
452,morondava,-20.2833,44.2833,28.55,53,0,5.67,MG,1695029878
453,el calafate,-50.3408,-72.2768,-3.57,78,28,2.14,AR,1695029879
454,thunder bay,48.4001,-89.3168,3.99,93,20,2.06,CA,1695029879
455,at taraf,25.3628,49.725,43.3,9,8,4.32,SA,1695029879
456,hotan,37.0997,79.9269,30.23,13,100,4.33,CN,1695029880
457,zharkent,44.1628,80.0,24.34,31,54,2.12,KZ,1695029880
458,bardai,11.65,7.2333,26.22,71,92,2.69,NG,1695029881
459,viqueque,-8.8673,126.3658,23.72,77,45,2.52,TL,1695029881
460,ayapa,18.1833,-93.1667,24.0,93,15,0.99,MX,1695029881
461,toyooka,35.5333,134.8333,24.03,100,75,1.54,JP,1695029882
462,hartselle,34.4434,-86.9353,15.66,100,0,1.69,US,1695029882
463,campos belos,-13.0367,-46.7717,24.93,34,10,2.66,BR,1695029883
464,dondo,-19.6094,34.7431,25.73,51,74,4.08,MZ,1695029883
465,bargaal,11.2864,51.0773,36.27,40,51,4.15,SO,1695029883
466,dongola,19.1667,30.4833,40.05,9,7,4.31,SD,1695029884
467,yuzhno-kurilsk,44.0306,145.8556,16.95,98,96,2.24,RU,1695029884
468,raduzhny,62.0961,77.475,12.25,81,22,5.18,RU,1695029885
469,margate,51.3813,1.3862,20.94,75,83,3.58,GB,1695029252
470,businga,3.3333,20.8833,29.59,55,95,1.57,CD,1695029886
471,kerikeri,-35.2268,173.9474,13.28,87,6,1.36,NZ,1695029886
472,debark',13.1561,37.8981,17.04,64,67,2.23,ET,1695029887
473,brownsville,25.9018,-97.4975,25.97,90,0,0.0,US,1695029637
474,shenjiamen,29.9576,122.298,26.67,86,17,4.99,CN,1695029887
475,oak bay,48.4496,-123.3026,15.8,82,98,9.77,CA,1695029888
476,badagry,6.4167,2.8833,27.63,76,98,2.9,NG,1695029888
477,tura,25.5198,90.2201,28.28,89,76,1.09,IN,1695029889
478,coquimbo,-29.9533,-71.3436,10.85,81,75,0.0,CL,1695029889
479,cururupu,-1.8283,-44.8683,25.88,80,67,2.23,BR,1695029889
480,chu,43.5983,73.7614,26.78,21,94,4.37,KZ,1695029890
481,girvan,55.2426,-4.8555,13.0,87,100,5.92,GB,1695029890
482,kabanga,-2.6386,30.4678,28.55,32,85,3.07,TZ,1695029891
483,el bauga,18.262,33.9081,39.35,16,65,0.7,SD,1695029891
484,leua,48.2156,18.6071,25.28,44,56,6.83,SK,1695029892
485,flying fish cove,-10.4217,105.6791,24.82,78,100,6.69,CX,1695029892
486,nahiyat ash shinafiyah,31.5874,44.6602,40.37,11,0,1.61,IQ,1695029892
487,kodinsk,58.6881,99.1844,16.46,71,64,0.75,RU,1695029893
488,callaway,30.153,-85.5699,22.17,85,0,2.57,US,1695029893
489,port-vila,-17.7338,168.3219,22.78,100,75,2.06,VU,1695029893
490,cacapava do sul,-30.5122,-53.4914,18.16,95,79,0.98,BR,1695029894
491,al qusiyah,27.4402,30.8184,32.15,25,0,5.84,EG,1695029894
492,myrina,39.8797,25.0742,23.58,53,20,10.8,GR,1695029895
493,broome,42.2506,-75.833,14.92,97,100,1.54,US,1695029895
494,zalingei,12.9096,23.4741,28.64,55,89,2.36,SD,1695029895
495,el granada,37.5027,-122.4694,17.9,90,75,2.06,US,1695029896
496,kayangel,8.0823,134.7173,28.7,75,18,2.61,PW,1695029896
497,imbituba,-28.24,-48.6703,21.59,72,0,3.22,BR,1695029751
498,mogadishu,2.0371,45.3438,28.93,74,40,6.69,SO,1695029897
499,lerwick,60.1545,-1.1494,14.0,95,100,6.0,GB,1695029897
500,calama,-22.4667,-68.9333,4.27,33,0,9.26,CL,1695029898
501,diok'nisi,41.6293,42.3917,17.54,65,60,2.44,GE,1695029898
502,vyskov,49.2775,16.999,26.16,71,57,0.45,CZ,1695029898
503,mananjary,-21.2167,48.3333,25.94,59,0,3.91,MG,1695029899
504,beshkent,38.8214,65.6531,28.1,17,0,4.12,UZ,1695029900
505,nova xavantina,-14.6667,-52.35,25.74,54,3,1.51,BR,1695029900
506,kolonia town,6.964,158.206,28.58,74,94,1.64,FM,1695029901
507,leh,34.1667,77.5833,19.66,30,72,3.66,IN,1695029535
508,kloulklubed,7.0419,134.2556,28.28,76,60,3.98,PW,1695029902
509,watampone,-4.5386,120.3279,26.84,65,0,3.95,ID,1695029902
510,ziniare,12.5822,-1.2983,29.02,62,93,5.28,BF,1695029902
511,al kharj,24.155,47.3346,41.32,9,8,4.18,SA,1695029903
512,susuman,62.7833,148.1667,1.49,62,42,1.9,RU,1695029903
513,leninogorsk,54.6026,52.4609,19.36,43,4,4.11,RU,1695029905
514,zhenlai,45.8495,123.2973,14.07,79,39,2.64,CN,1695029905
515,ballina,-28.8667,153.5667,16.55,74,0,6.3,AU,1695029905
516,kitimat,54.0524,-128.6534,10.38,99,100,3.58,CA,1695029906
517,saint-francois,46.4154,3.9054,23.15,73,0,3.6,FR,1695029906
518,amasra,41.7463,32.3863,24.03,55,0,8.66,TR,1695029907
519,zhezqazghan,47.7833,67.7667,22.45,25,99,1.9,KZ,1695029907
520,korla,41.7597,86.1469,24.49,24,73,1.73,CN,1695029908
521,ebon,4.582,168.6964,28.23,76,100,3.77,MH,1695029908
522,mazagao,-0.115,-51.2894,26.03,91,20,1.07,BR,1695029908
523,san antonio de pale,-1.4014,5.6325,24.31,83,97,3.16,GQ,1695029909
524,altayskoye,51.9533,85.3325,17.64,52,71,2.78,RU,1695029909
525,tukrah,32.5341,20.5791,26.62,65,1,5.44,LY,1695029902
526,meulaboh,4.1363,96.1285,28.33,77,89,2.99,ID,1695029910
527,saint-pierre,-21.3393,55.4781,27.82,54,100,6.17,RE,1695029911
528,nishinoomote,30.7333,131.0,27.31,94,40,2.06,JP,1695029911
529,yarmouth,41.7057,-70.2286,20.57,89,0,2.57,US,1695029911
530,la gi,10.6667,107.7833,28.83,80,78,4.57,VN,1695029912
531,baishan,41.9431,126.4286,17.24,93,53,1.95,CN,1695029912
532,curuca,-0.7289,-47.8481,24.15,91,73,1.61,BR,1695029913
533,olinda,-8.0089,-34.8553,25.85,83,75,5.66,BR,1695029913
534,auki,-8.7676,160.7034,25.73,90,96,2.61,SB,1695029913
535,sarangani,5.4033,125.4636,27.78,73,63,1.94,PH,1695029914
536,port douglas,-16.4833,145.4667,21.89,86,42,5.12,AU,1695029914
537,borogontsy,62.6683,131.1683,3.26,83,100,3.06,RU,1695029915
538,stephenville,32.2207,-98.2023,20.98,88,0,0.0,US,1695029915
539,plastun,44.7561,136.2939,15.98,94,2,0.94,RU,1695029915
540,richards bay,-28.783,32.0377,23.15,57,57,5.87,ZA,1695029916
541,keren,15.7778,38.4581,31.08,31,66,1.18,ER,1695029916
542,gaigeturi,33.4644,126.3183,27.03,74,40,2.06,KR,1695029917
543,jincheng,35.5022,112.8328,25.63,64,35,3.91,CN,1695029917
544,posto fiscal rolim de moura,-13.0833,-62.2667,24.9,53,5,0.93,BR,1695029918
545,puerto aysen,-45.4,-72.7,-2.23,99,89,0.8,CL,1695029918
546,jilib,0.4883,42.7854,35.32,32,73,6.52,SO,1695029918
547,rio gallegos,-51.6226,-69.2181,1.03,80,20,4.12,AR,1695029919
548,bucerias,20.75,-105.3333,27.21,84,99,1.76,MX,1695029774
549,vallenar,-28.5708,-70.7581,13.75,64,48,0.32,CL,1695029920
550,mahdia,35.5047,11.0622,31.97,36,22,5.67,TN,1695029920
551,qarauyl,48.9451,79.255,16.55,55,76,4.19,KZ,1695029920
552,constitucion,-35.3333,-72.4167,6.25,80,40,3.11,CL,1695029921
553,aripuana,-9.1667,-60.6333,25.24,64,33,0.98,BR,1695029921
554,laojunmiao,39.8333,97.7333,17.69,22,30,4.14,CN,1695029921
555,arno,60.1167,18.6333,13.77,58,95,5.51,SE,1695029922
556,tobelo,1.7284,128.0095,26.5,83,99,0.95,ID,1695029922
557,tari,12.4086,4.4914,30.8,58,11,3.77,NG,1695029922
558,helena,46.5927,-112.0361,17.55,48,0,0.0,US,1695029880
559,san luis de la loma,17.2706,-100.8939,25.75,73,17,1.87,MX,1695029923
560,les avirons,-21.2418,55.3394,26.05,54,100,6.17,RE,1695029924
561,uliastay,47.7417,96.8444,12.16,39,84,3.09,MN,1695029924
562,campbell river,50.0163,-125.2446,13.74,94,2,2.98,CA,1695029924
563,al muwayh,22.4333,41.7583,40.15,9,48,5.38,SA,1695029925
564,kyosai,34.8503,128.5886,26.98,84,0,3.71,KR,1695029925
565,tionk essil,12.7856,-16.5217,25.98,77,77,2.38,SN,1695029926
566,lira,2.235,32.9097,30.29,43,99,1.51,UG,1695029926
567,phaltan,17.9833,74.4333,29.84,52,47,9.22,IN,1695029926
568,kimry,56.8667,37.35,17.43,40,85,3.02,RU,1695029927
569,praya,14.9215,-23.5087,26.3,73,20,4.12,CV,1695029927
570,natal,-5.795,-35.2094,23.12,94,75,3.09,BR,1695029404
571,banda aceh,5.5577,95.3222,28.52,77,52,1.1,ID,1695029470
572,bambanglipuro,-7.95,110.2833,25.14,75,13,4.86,ID,1695029928
573,tabuk,17.4189,121.4443,26.37,87,60,2.22,PH,1695029929
574,jinjiang,24.8198,118.5741,28.12,73,32,2.2,CN,1695029929
575,nushki,29.5542,66.0215,36.53,8,2,4.64,PK,1695029929
576,montepuez,-13.1256,38.9997,32.23,21,11,3.58,MZ,1695029930
577,jaffa,32.0504,34.7522,32.34,65,0,2.57,IL,1695029930
578,ingeniero guillermo n. juarez,-23.9,-61.85,23.64,47,72,7.39,AR,1695029931
